{"cameraMode":{"drawMode":0,"name":"Shaded","section":"Shading Mode"},"sceneLighting":true,"audioPlay":false,"sceneViewState":{"m_AlwaysRefresh":false,"showFog":true,"showSkybox":true,"showFlares":true,"showImageEffects":true,"showParticleSystems":true,"showVisualEffectGraphs":true,"m_FxEnabled":true},"in2DMode":false,"pivot":{"x":-0.16339588165283204,"y":1.8471546173095704,"z":-8.994818687438965},"rotation":{"x":0.15838849544525147,"y":-0.49601998925209048,"z":0.09256906062364578,"w":0.848713219165802},"size":3.6913061141967775,"orthographic":false}